{"colsample_bytree": 0.9542644634707577, "gamma": 0.0, "learning_rate": 0.1532706260641422, "max_depth": 3, "n_estimators": 137, "subsample": 0.6122000999756197}