{"colsample_bytree": 0.9445832752853591, "gamma": 0.0, "learning_rate": 0.059987457909001445, "max_depth": 4, "n_estimators": 103, "subsample": 0.8603553891795411}