{"colsample_bytree": 0.9770967179954562, "gamma": 0.0, "learning_rate": 0.2568977981821954, "max_depth": 2, "n_estimators": 94, "subsample": 0.6443563283247326}