{"colsample_bytree": 0.9771270346685946, "gamma": 0.0, "learning_rate": 0.04702232586704518, "max_depth": 8, "n_estimators": 120, "subsample": 0.9659838702175123}