{"colsample_bytree": 0.923823615240398, "gamma": 0.0, "learning_rate": 0.19886444308814744, "max_depth": 2, "n_estimators": 141, "subsample": 0.7986244762732311}