{"colsample_bytree": 0.9093873290081292, "gamma": 0.0, "learning_rate": 0.10143299855365366, "max_depth": 6, "n_estimators": 80, "subsample": 0.9819461122652776}