{"colsample_bytree": 0.9274731797025909, "gamma": 0.0, "learning_rate": 0.11361382450402822, "max_depth": 2, "n_estimators": 148, "subsample": 0.9027996528688915}