{"colsample_bytree": 0.9838898086445934, "gamma": 0.0, "learning_rate": 0.07233134060163342, "max_depth": 2, "n_estimators": 100, "subsample": 0.9479585448248513}