{"colsample_bytree": 0.9710662889685787, "gamma": 0.0, "learning_rate": 0.06544541040591566, "max_depth": 5, "n_estimators": 112, "subsample": 0.6806876809341584}