{"1_1": [62.630001068115234, 77.77999877929688, 36.439998626708984], "1_10": [58.93000030517578, 75.0999984741211, 37.43000030517578], "1_11": [61.02000045776367, 77.13999938964844, 35.900001525878906], "1_12": [61.790000915527344, 75.55000305175781, 37.529998779296875], "1_13": [60.08000183105469, 74.12000274658203, 36.93000030517578], "1_14": [60.06999969482422, 74.68000030517578, 36.869998931884766], "1_15": [56.40999984741211, 77.11000061035156, 34.70000076293945], "1_16": [57.970001220703125, 77.61000061035156, 34.119998931884766], "1_17": [60.9900016784668, 76.05000305175781, 37.470001220703125], "1_18": [59.029998779296875, 75.73999786376953, 37.45000076293945], "1_19": [61.279998779296875, 77.30999755859375, 36.97999954223633], "1_2": [60.02000045776367, 74.66999816894531, 36.810001373291016], "1_20": [58.61000061035156, 76.25, 37.22999954223633], "1_3": [59.279998779296875, 75.23999786376953, 33.849998474121094], "1_4": [59.2599983215332, 76.95999908447266, 33.25], "1_5": [60.310001373291016, 75.87000274658203, 37.02000045776367], "1_6": [58.5099983215332, 76.19999694824219, 37.650001525878906], "1_7": [59.459999084472656, 77.86000061035156, 34.779998779296875], "1_8": [57.380001068115234, 76.5, 36.70000076293945], "1_9": [59.40999984741211, 76.2300033569336, 37.900001525878906], "2_1": [34.29999923706055, 64.18000030517578, 32.97999954223633], "2_10": [32.08000183105469, 63.959999084472656, 31.459999084472656], "2_11": [32.81999969482422, 65.81999969482422, 33.25], "2_12": [32.900001525878906, 64.37000274658203, 32.630001068115234], "2_13": [32.29999923706055, 63.529998779296875, 31.969999313354492], "2_14": [31.3700008392334, 65.55000305175781, 31.229999542236328], "2_15": [32.880001068115234, 64.54000091552734, 32.040000915527344], "2_16": [31.780000686645508, 65.47000122070312, 31.079999923706055], "2_17": [32.52000045776367, 63.790000915527344, 31.350000381469727], "2_18": [31.739999771118164, 63.709999084472656, 31.920000076293945], "2_19": [33.29999923706055, 65.1500015258789, 33.15999984741211], "2_2": [32.720001220703125, 65.98999786376953, 32.04999923706055], "2_20": [33.22999954223633, 65.81999969482422, 32.5], "2_3": [31.75, 63.77000045776367, 31.06999969482422], "2_4": [33.36000061035156, 65.75, 32.709999084472656], "2_5": [32.119998931884766, 64.45999908447266, 31.709999084472656], "2_6": [31.270000457763672, 64.66999816894531, 30.760000228881836], "2_7": [32.209999084472656, 63.630001068115234, 30.299999237060547], "2_8": [31.940000534057617, 65.04000091552734, 31.5], "2_9": [31.829999923706055, 63.77000045776367, 30.989999771118164], "3_1": [41.93000030517578, 69.51000213623047, 26.479999542236328], "3_10": [42.36000061035156, 69.77999877929688, 26.549999237060547], "3_11": [41.02000045776367, 70.94999694824219, 25.200000762939453], "3_12": [40.689998626708984, 69.73999786376953, 25.719999313354492], "3_13": [41.43000030517578, 70.01000213623047, 26.479999542236328], "3_14": [42.33000183105469, 68.95999908447266, 27.329999923706055], "3_15": [40.84000015258789, 69.18000030517578, 25.209999084472656], "3_16": [41.18000030517578, 69.01000213623047, 27.1200008392334], "3_17": [41.54999923706055, 69.87999725341797, 26.950000762939453], "3_18": [41.06999969482422, 71.1500015258789, 25.100000381469727], "3_19": [41.560001373291016, 67.37999725341797, 27.93000030517578], "3_2": [40.7599983215332, 70.1500015258789, 25.3700008392334], "3_20": [40.619998931884766, 69.2699966430664, 26.149999618530273], "3_3": [41.29999923706055, 69.97000122070312, 25.850000381469727], "3_4": [42.40999984741211, 70.37000274658203, 26.780000686645508], "3_5": [41.41999816894531, 69.36000061035156, 26.34000015258789], "3_6": [42.11000061035156, 69.31999969482422, 26.649999618530273], "3_7": [42.189998626708984, 69.05999755859375, 27.469999313354492], "3_8": [40.459999084472656, 70.13999938964844, 25.719999313354492], "3_9": [42.369998931884766, 70.29000091552734, 26.93000030517578], "4_1": [32.439998626708984, 65.75, 28.860000610351562], "4_10": [31.649999618530273, 64.7699966430664, 28.520000457763672], "4_11": [32.72999954223633, 64.45999908447266, 29.350000381469727], "4_12": [31.75, 66.2300033569336, 28.459999084472656], "4_13": [34.66999816894531, 66.37999725341797, 32.81999969482422], "4_14": [32.209999084472656, 64.16000366210938, 28.389999389648438], "4_15": [32.81999969482422, 65.4800033569336, 29.139999389648438], "4_16": [32.130001068115234, 63.970001220703125, 28.360000610351562], "4_17": [31.729999542236328, 63.97999954223633, 28.420000076293945], "4_18": [33.97999954223633, 66.69000244140625, 32.189998626708984], "4_19": [34.790000915527344, 66.30000305175781, 33.470001220703125], "4_2": [34.310001373291016, 66.12999725341797, 32.08000183105469], "4_20": [31.25, 64.66000366210938, 27.959999084472656], "4_3": [31.920000076293945, 63.93000030517578, 28.969999313354492], "4_4": [32.119998931884766, 63.47999954223633, 28.040000915527344], "4_5": [33.72999954223633, 67.06999969482422, 31.68000030517578], "4_6": [32.439998626708984, 65.7699966430664, 29.860000610351562], "4_7": [32.459999084472656, 63.040000915527344, 28.889999389648438], "4_8": [32.790000915527344, 63.5099983215332, 28.940000534057617], "4_9": [33.54999923706055, 67.12000274658203, 31.34000015258789], "5_1": [42.790000915527344, 67.6500015258789, 29.770000457763672], "5_10": [42.13999938964844, 69.30999755859375, 29.700000762939453], "5_11": [41.720001220703125, 71.2300033569336, 27.059999465942383], "5_12": [41.95000076293945, 70.62999725341797, 26.889999389648438], "5_13": [42.18000030517578, 68.56999969482422, 29.3799991607666], "5_14": [42.540000915527344, 68.62000274658203, 29.479999542236328], "5_15": [41.97999954223633, 70.43000030517578, 28.209999084472656], "5_16": [42.84000015258789, 68.98999786376953, 29.34000015258789], "5_17": [41.650001525878906, 71.37000274658203, 27.770000457763672], "5_18": [42.13999938964844, 69.30999755859375, 28.31999969482422], "5_19": [42.849998474121094, 69.63999938964844, 28.530000686645508], "5_2": [42.47999954223633, 69.4000015258789, 28.579999923706055], "5_20": [42.709999084472656, 68.70999908447266, 28.540000915527344], "5_3": [41.709999084472656, 70.95999908447266, 27.299999237060547], "5_4": [43.75, 66.51000213623047, 31.149999618530273], "5_5": [43.31999969482422, 66.9800033569336, 30.790000915527344], "5_6": [42.75, 68.19999694824219, 30.229999542236328], "5_7": [42.04999923706055, 69.48999786376953, 28.65999984741211], "5_8": [43.619998931884766, 67.18000030517578, 30.920000076293945], "5_9": [42.599998474121094, 69.36000061035156, 29.440000534057617], "6_1": [45.2599983215332, 66.30000305175781, 28.530000686645508], "6_10": [44.08000183105469, 62.970001220703125, 29.520000457763672], "6_11": [44.119998931884766, 62.459999084472656, 29.81999969482422], "6_12": [43.43000030517578, 62.56999969482422, 29.010000228881836], "6_13": [45.630001068115234, 65.33999633789062, 29.3700008392334], "6_14": [44.279998779296875, 65.80999755859375, 28.579999923706055], "6_15": [44.400001525878906, 63.75, 28.899999618530273], "6_16": [44.189998626708984, 63.70000076293945, 29.440000534057617], "6_17": [45.209999084472656, 65.55999755859375, 28.600000381469727], "6_18": [43.709999084472656, 62.56999969482422, 29.469999313354492], "6_19": [44.54999923706055, 63.650001525878906, 29.3700008392334], "6_2": [43.849998474121094, 62.47999954223633, 29.260000228881836], "6_20": [45.02000045776367, 63.68000030517578, 30.15999984741211], "6_3": [45.650001525878906, 63.90999984741211, 30.700000762939453], "6_4": [43.150001525878906, 62.31999969482422, 29.5], "6_5": [46.209999084472656, 64.55999755859375, 30.360000610351562], "6_6": [46.470001220703125, 64.75, 29.110000610351562], "6_7": [43.540000915527344, 63.060001373291016, 29.3700008392334], "6_8": [43.619998931884766, 62.79999923706055, 29.489999771118164], "6_9": [44.4900016784668, 66.13999938964844, 29.469999313354492], "7_1": [30.75, 65.41999816894531, 26.3700008392334],