{"12_1": [31.299999237060547, 59.86000061035156, 27.84000015258789], "12_10": [34.279998779296875, 60.599998474121094, 31.110000610351562], "12_11": [33.47999954223633, 61.130001068115234, 30.170000076293945], "12_12": [34.40999984741211, 61.16999816894531, 30.43000030517578], "12_13": [34.959999084472656, 59.75, 31.440000534057617], "12_14": [36.220001220703125, 59.029998779296875, 32.43000030517578], "12_15": [32.349998474121094, 58.810001373291016, 28.950000762939453], "12_16": [33.2400016784668, 58.709999084472656, 29.450000762939453], "12_17": [31.1200008392334, 58.11000061035156, 27.989999771118164], "12_18": [31.5, 57.849998474121094, 28.649999618530273], "12_19": [31.3799991607666, 58.63999938964844, 28.5], "12_2": [31.940000534057617, 60.09000015258789, 28.540000915527344], "12_20": [31.18000030517578, 58.09000015258789, 27.860000610351562], "12_3": [32.38999938964844, 59.47999954223633, 29.56999969482422], "12_4": [32.5, 60.06999969482422, 28.780000686645508], "12_5": [31.059999465942383, 58.79999923706055, 27.6200008392334], "12_6": [30.709999084472656, 58.95000076293945, 27.329999923706055], "12_7": [31.25, 58.97999954223633, 28.15999984741211], "12_8": [30.649999618530273, 58.83000183105469, 27.479999542236328], "12_9": [35.40999984741211, 59.79999923706055, 31.809999465942383]}