{"2_1": [34.29999923706055, 64.18000030517578, 32.97999954223633], "2_10": [32.08000183105469, 63.959999084472656, 31.459999084472656], "2_11": [32.81999969482422, 65.81999969482422, 33.25], "2_12": [32.900001525878906, 64.37000274658203, 32.630001068115234], "2_13": [32.29999923706055, 63.529998779296875, 31.969999313354492], "2_14": [31.3700008392334, 65.55000305175781, 31.229999542236328], "2_15": [32.880001068115234, 64.54000091552734, 32.040000915527344], "2_16": [31.780000686645508, 65.47000122070312, 31.079999923706055], "2_17": [32.52000045776367, 63.790000915527344, 31.350000381469727], "2_18": [31.739999771118164, 63.709999084472656, 31.920000076293945], "2_19": [33.29999923706055, 65.1500015258789, 33.15999984741211], "2_2": [32.720001220703125, 65.98999786376953, 32.04999923706055], "2_20": [33.22999954223633, 65.81999969482422, 32.5], "2_3": [31.75, 63.77000045776367, 31.06999969482422], "2_4": [33.36000061035156, 65.75, 32.709999084472656], "2_5": [32.119998931884766, 64.45999908447266, 31.709999084472656], "2_6": [31.270000457763672, 64.66999816894531, 30.760000228881836], "2_7": [32.209999084472656, 63.630001068115234, 30.299999237060547], "2_8": [31.940000534057617, 65.04000091552734, 31.5], "2_9": [31.829999923706055, 63.77000045776367, 30.989999771118164]}