{"6_1": [45.2599983215332, 66.30000305175781, 28.530000686645508], "6_10": [44.08000183105469, 62.970001220703125, 29.520000457763672], "6_11": [44.119998931884766, 62.459999084472656, 29.81999969482422], "6_12": [43.43000030517578, 62.56999969482422, 29.010000228881836], "6_13": [45.630001068115234, 65.33999633789062, 29.3700008392334], "6_14": [44.279998779296875, 65.80999755859375, 28.579999923706055], "6_15": [44.400001525878906, 63.75, 28.899999618530273], "6_16": [44.189998626708984, 63.70000076293945, 29.440000534057617], "6_17": [45.209999084472656, 65.55999755859375, 28.600000381469727], "6_18": [43.709999084472656, 62.56999969482422, 29.469999313354492], "6_19": [44.54999923706055, 63.650001525878906, 29.3700008392334], "6_2": [43.849998474121094, 62.47999954223633, 29.260000228881836], "6_20": [45.02000045776367, 63.68000030517578, 30.15999984741211], "6_3": [45.650001525878906, 63.90999984741211, 30.700000762939453], "6_4": [43.150001525878906, 62.31999969482422, 29.5], "6_5": [46.209999084472656, 64.55999755859375, 30.360000610351562], "6_6": [46.470001220703125, 64.75, 29.110000610351562], "6_7": [43.540000915527344, 63.060001373291016, 29.3700008392334], "6_8": [43.619998931884766, 62.79999923706055, 29.489999771118164], "6_9": [44.4900016784668, 66.13999938964844, 29.469999313354492]}