{"8_1": [44.29999923706055, 63.0, 29.079999923706055], "8_10": [44.560001373291016, 62.34000015258789, 28.510000228881836], "8_11": [40.119998931884766, 64.77999877929688, 26.110000610351562], "8_12": [40.40999984741211, 63.88999938964844, 27.06999969482422], "8_13": [42.7400016784668, 65.16000366210938, 27.90999984741211], "8_14": [44.790000915527344, 61.63999938964844, 28.1299991607666], "8_15": [42.43000030517578, 62.41999816894531, 27.950000762939453], "8_16": [42.66999816894531, 61.810001373291016, 27.940000534057617], "8_17": [42.31999969482422, 66.75, 26.5], "8_18": [42.439998626708984, 65.52999877929688, 27.3700008392334], "8_19": [41.02000045776367, 65.13999938964844, 27.959999084472656], "8_2": [42.81999969482422, 62.86000061035156, 28.079999923706055], "8_20": [40.720001220703125, 62.790000915527344, 27.170000076293945], "8_3": [44.77000045776367, 62.099998474121094, 28.540000915527344], "8_4": [42.36000061035156, 62.130001068115234, 27.68000030517578], "8_5": [42.060001373291016, 66.19999694824219, 26.3799991607666], "8_6": [42.97999954223633, 65.94000244140625, 26.670000076293945], "8_7": [40.720001220703125, 66.44000244140625, 27.59000015258789], "8_8": [42.0099983215332, 61.900001525878906, 28.260000228881836], "8_9": [41.86000061035156, 66.08999633789062, 27.190000534057617]}