{"9_1": [32.150001525878906, 61.689998626708984, 29.489999771118164], "9_10": [31.899999618530273, 60.16999816894531, 29.059999465942383], "9_11": [33.09000015258789, 57.61000061035156, 28.09000015258789], "9_12": [31.68000030517578, 57.619998931884766, 27.040000915527344], "9_13": [32.43000030517578, 61.63999938964844, 29.56999969482422], "9_14": [31.809999465942383, 60.779998779296875, 28.579999923706055], "9_15": [35.33000183105469, 61.88999938964844, 31.8700008392334], "9_16": [31.15999984741211, 59.380001068115234, 26.780000686645508], "9_17": [32.68000030517578, 61.5, 29.190000534057617], "9_18": [33.4900016784668, 60.310001373291016, 30.709999084472656], "9_19": [35.20000076293945, 61.779998779296875, 31.780000686645508], "9_2": [32.47999954223633, 61.52000045776367, 29.56999969482422], "9_20": [34.16999816894531, 62.16999816894531, 31.440000534057617], "9_3": [32.77000045776367, 57.939998626708984, 27.420000076293945], "9_4": [31.360000610351562, 58.939998626708984, 26.829999923706055], "9_5": [34.959999084472656, 62.25, 31.440000534057617], "9_6": [34.08000183105469, 62.33000183105469, 31.260000228881836], "9_7": [31.43000030517578, 57.939998626708984, 26.799999237060547], "9_8": [32.38999938964844, 58.099998474121094, 27.290000915527344], "9_9": [32.310001373291016, 60.43000030517578, 29.209999084472656]}