{"10_1": [40.709999084472656, 68.12999725341797, 28.059999465942383], "10_10": [42.33000183105469, 68.5999984741211, 28.1200008392334], "10_11": [44.54999923706055, 71.58000183105469, 28.079999923706055], "10_12": [41.439998626708984, 69.06999969482422, 27.110000610351562], "10_13": [43.560001373291016, 69.75, 28.979999542236328], "10_14": [44.29999923706055, 73.6500015258789, 27.709999084472656], "10_15": [44.5099983215332, 71.9000015258789, 27.899999618530273], "10_16": [43.11000061035156, 69.4000015258789, 28.010000228881836], "10_17": [43.75, 70.37000274658203, 28.739999771118164], "10_18": [44.349998474121094, 72.7300033569336, 28.389999389648438], "10_19": [43.77000045776367, 71.4800033569336, 27.530000686645508], "10_2": [41.099998474121094, 68.66999816894531, 28.329999923706055], "10_20": [42.540000915527344, 68.83999633789062, 28.170000076293945], "10_3": [40.880001068115234, 68.52999877929688, 27.770000457763672], "10_4": [40.66999816894531, 68.87000274658203, 27.459999084472656], "10_5": [42.099998474121094, 68.58000183105469, 28.350000381469727], "10_6": [43.2400016784668, 69.43000030517578, 28.219999313354492], "10_7": [43.65999984741211, 71.19000244140625, 27.719999313354492], "10_8": [42.63999938964844, 69.0999984741211, 27.600000381469727], "10_9": [44.599998474121094, 73.25, 28.780000686645508]}