{"1_1": [62.630001068115234, 77.77999877929688, 36.439998626708984], "1_10": [58.93000030517578, 75.0999984741211, 37.43000030517578], "1_11": [61.02000045776367, 77.13999938964844, 35.900001525878906], "1_12": [61.790000915527344, 75.55000305175781, 37.529998779296875], "1_13": [60.08000183105469, 74.12000274658203, 36.93000030517578], "1_14": [60.06999969482422, 74.68000030517578, 36.869998931884766], "1_15": [56.40999984741211, 77.11000061035156, 34.70000076293945], "1_16": [57.970001220703125, 77.61000061035156, 34.119998931884766], "1_17": [60.9900016784668, 76.05000305175781, 37.470001220703125], "1_18": [59.029998779296875, 75.73999786376953, 37.45000076293945], "1_19": [61.279998779296875, 77.30999755859375, 36.97999954223633], "1_2": [60.02000045776367, 74.66999816894531, 36.810001373291016], "1_20": [58.61000061035156, 76.25, 37.22999954223633], "1_3": [59.279998779296875, 75.23999786376953, 33.849998474121094], "1_4": [59.2599983215332, 76.95999908447266, 33.25], "1_5": [60.310001373291016, 75.87000274658203, 37.02000045776367], "1_6": [58.5099983215332, 76.19999694824219, 37.650001525878906], "1_7": [59.459999084472656, 77.86000061035156, 34.779998779296875], "1_8": [57.380001068115234, 76.5, 36.70000076293945], "1_9": [59.40999984741211, 76.2300033569336, 37.900001525878906]}