{"11_1": [30.219999313354492, 62.650001525878906, 25.280000686645508], "11_10": [30.59000015258789, 64.36000061035156, 26.920000076293945], "11_11": [30.030000686645508, 63.86000061035156, 26.229999542236328], "11_12": [31.5, 64.0999984741211, 28.049999237060547], "11_13": [29.690000534057617, 61.619998931884766, 25.59000015258789], "11_14": [29.440000534057617, 62.900001525878906, 26.190000534057617], "11_15": [30.190000534057617, 64.0, 27.260000228881836], "11_16": [30.270000457763672, 63.75, 27.010000228881836], "11_17": [29.700000762939453, 63.9900016784668, 25.969999313354492], "11_18": [29.739999771118164, 65.3499984741211, 26.739999771118164], "11_19": [30.059999465942383, 63.119998931884766, 27.040000915527344], "11_2": [29.760000228881836, 63.5, 25.1299991607666], "11_20": [30.110000610351562, 63.150001525878906, 27.43000030517578], "11_3": [32.349998474121094, 63.29999923706055, 30.010000228881836], "11_4": [33.470001220703125, 62.08000183105469, 29.959999084472656], "11_5": [29.559999465942383, 61.439998626708984, 25.450000762939453], "11_6": [29.649999618530273, 62.88999938964844, 25.829999923706055], "11_7": [30.93000030517578, 64.18000030517578, 28.149999618530273], "11_8": [32.33000183105469, 62.029998779296875, 29.1200008392334], "11_9": [29.8799991607666, 63.68000030517578, 25.899999618530273]}