{"13_1": [36.849998474121094, 60.790000915527344, 26.229999542236328], "13_10": [42.9900016784668, 55.54999923706055, 29.040000915527344], "13_11": [35.779998779296875, 59.45000076293945, 24.93000030517578], "13_12": [39.4900016784668, 54.47999954223633, 26.399999618530273], "13_13": [38.63999938964844, 54.59000015258789, 26.209999084472656], "13_14": [42.529998779296875, 52.529998779296875, 28.100000381469727], "13_15": [37.209999084472656, 56.22999954223633, 25.510000228881836], "13_16": [37.599998474121094, 55.91999816894531, 25.670000076293945], "13_17": [37.939998626708984, 55.40999984741211, 26.09000015258789], "13_18": [37.439998626708984, 55.65999984741211, 25.469999313354492], "13_19": [37.720001220703125, 58.650001525878906, 26.31999969482422], "13_2": [37.040000915527344, 57.77000045776367, 25.780000686645508], "13_20": [37.77000045776367, 58.189998626708984, 26.270000457763672], "13_3": [41.0, 60.77000045776367, 29.940000534057617], "13_4": [39.849998474121094, 58.72999954223633, 28.420000076293945], "13_5": [39.099998474121094, 57.970001220703125, 27.280000686645508], "13_6": [40.47999954223633, 57.150001525878906, 28.06999969482422], "13_7": [37.709999084472656, 58.38999938964844, 26.639999389648438], "13_8": [39.36000061035156, 55.290000915527344, 26.889999389648438], "13_9": [41.63999938964844, 52.63999938964844, 27.979999542236328]}