{"5_1": [42.790000915527344, 67.6500015258789, 29.770000457763672], "5_10": [42.13999938964844, 69.30999755859375, 29.700000762939453], "5_11": [41.720001220703125, 71.2300033569336, 27.059999465942383], "5_12": [41.95000076293945, 70.62999725341797, 26.889999389648438], "5_13": [42.18000030517578, 68.56999969482422, 29.3799991607666], "5_14": [42.540000915527344, 68.62000274658203, 29.479999542236328], "5_15": [41.97999954223633, 70.43000030517578, 28.209999084472656], "5_16": [42.84000015258789, 68.98999786376953, 29.34000015258789], "5_17": [41.650001525878906, 71.37000274658203, 27.770000457763672], "5_18": [42.13999938964844, 69.30999755859375, 28.31999969482422], "5_19": [42.849998474121094, 69.63999938964844, 28.530000686645508], "5_2": [42.47999954223633, 69.4000015258789, 28.579999923706055], "5_20": [42.709999084472656, 68.70999908447266, 28.540000915527344], "5_3": [41.709999084472656, 70.95999908447266, 27.299999237060547], "5_4": [43.75, 66.51000213623047, 31.149999618530273], "5_5": [43.31999969482422, 66.9800033569336, 30.790000915527344], "5_6": [42.75, 68.19999694824219, 30.229999542236328], "5_7": [42.04999923706055, 69.48999786376953, 28.65999984741211], "5_8": [43.619998931884766, 67.18000030517578, 30.920000076293945], "5_9": [42.599998474121094, 69.36000061035156, 29.440000534057617]}