{"7_1": [30.75, 65.41999816894531, 26.3700008392334], "7_10": [33.0099983215332, 67.55999755859375, 29.979999542236328], "7_11": [31.420000076293945, 68.27999877929688, 26.139999389648438], "7_12": [30.979999542236328, 66.69000244140625, 25.65999984741211], "7_13": [31.1200008392334, 66.43000030517578, 25.790000915527344], "7_14": [30.760000228881836, 66.62999725341797, 26.329999923706055], "7_15": [33.06999969482422, 66.08000183105469, 30.719999313354492], "7_16": [30.829999923706055, 65.69000244140625, 25.850000381469727], "7_17": [31.649999618530273, 66.76000213623047, 27.139999389648438], "7_18": [30.6299991607666, 65.80999755859375, 25.90999984741211], "7_19": [31.059999465942383, 65.06999969482422, 26.739999771118164], "7_2": [32.38999938964844, 68.43000030517578, 28.989999771118164], "7_20": [30.729999542236328, 65.91000366210938, 25.350000381469727], "7_3": [32.220001220703125, 69.01000213623047, 27.209999084472656], "7_4": [31.110000610351562, 66.44000244140625, 26.729999542236328], "7_5": [31.170000076293945, 66.9800033569336, 27.3700008392334], "7_6": [31.549999237060547, 67.97000122070312, 26.780000686645508], "7_7": [32.18000030517578, 68.91999816894531, 28.510000228881836], "7_8": [32.16999816894531, 68.97000122070312, 27.209999084472656], "7_9": [31.75, 64.87000274658203, 28.780000686645508]}