{"3_1": [41.93000030517578, 69.51000213623047, 26.479999542236328], "3_10": [42.36000061035156, 69.77999877929688, 26.549999237060547], "3_11": [41.02000045776367, 70.94999694824219, 25.200000762939453], "3_12": [40.689998626708984, 69.73999786376953, 25.719999313354492], "3_13": [41.43000030517578, 70.01000213623047, 26.479999542236328], "3_14": [42.33000183105469, 68.95999908447266, 27.329999923706055], "3_15": [40.84000015258789, 69.18000030517578, 25.209999084472656], "3_16": [41.18000030517578, 69.01000213623047, 27.1200008392334], "3_17": [41.54999923706055, 69.87999725341797, 26.950000762939453], "3_18": [41.06999969482422, 71.1500015258789, 25.100000381469727], "3_19": [41.560001373291016, 67.37999725341797, 27.93000030517578], "3_2": [40.7599983215332, 70.1500015258789, 25.3700008392334], "3_20": [40.619998931884766, 69.2699966430664, 26.149999618530273], "3_3": [41.29999923706055, 69.97000122070312, 25.850000381469727], "3_4": [42.40999984741211, 70.37000274658203, 26.780000686645508], "3_5": [41.41999816894531, 69.36000061035156, 26.34000015258789], "3_6": [42.11000061035156, 69.31999969482422, 26.649999618530273], "3_7": [42.189998626708984, 69.05999755859375, 27.469999313354492], "3_8": [40.459999084472656, 70.13999938964844, 25.719999313354492], "3_9": [42.369998931884766, 70.29000091552734, 26.93000030517578]}