{"15_1": [34.650001525878906, 63.58000183105469, 25.1299991607666], "15_10": [35.91999816894531, 60.38999938964844, 25.670000076293945], "15_11": [35.4900016784668, 60.290000915527344, 25.15999984741211], "15_12": [35.790000915527344, 61.970001220703125, 25.649999618530273], "15_13": [36.22999954223633, 62.560001373291016, 25.559999465942383], "15_14": [37.13999938964844, 63.54999923706055, 27.889999389648438], "15_15": [34.02000045776367, 64.37999725341797, 23.940000534057617], "15_16": [35.70000076293945, 63.310001373291016, 25.959999084472656], "15_17": [36.68000030517578, 65.55000305175781, 27.899999618530273], "15_18": [37.099998474121094, 62.9900016784668, 27.15999984741211], "15_19": [36.65999984741211, 64.83999633789062, 27.360000610351562], "15_2": [33.970001220703125, 64.31999969482422, 24.34000015258789], "15_20": [39.54999923706055, 61.25, 28.479999542236328], "15_3": [35.70000076293945, 60.650001525878906, 25.479999542236328], "15_4": [36.939998626708984, 60.58000183105469, 26.260000228881836], "15_5": [35.880001068115234, 60.66999816894531, 25.700000762939453], "15_6": [35.5099983215332, 60.439998626708984, 25.149999618530273], "15_7": [36.130001068115234, 60.29999923706055, 26.010000228881836], "15_8": [37.58000183105469, 60.0, 27.059999465942383], "15_9": [36.439998626708984, 61.61000061035156, 25.770000457763672]}