{"4_1": [32.439998626708984, 65.75, 28.860000610351562], "4_10": [31.649999618530273, 64.7699966430664, 28.520000457763672], "4_11": [32.72999954223633, 64.45999908447266, 29.350000381469727], "4_12": [31.75, 66.2300033569336, 28.459999084472656], "4_13": [34.66999816894531, 66.37999725341797, 32.81999969482422], "4_14": [32.209999084472656, 64.16000366210938, 28.389999389648438], "4_15": [32.81999969482422, 65.4800033569336, 29.139999389648438], "4_16": [32.130001068115234, 63.970001220703125, 28.360000610351562], "4_17": [31.729999542236328, 63.97999954223633, 28.420000076293945], "4_18": [33.97999954223633, 66.69000244140625, 32.189998626708984], "4_19": [34.790000915527344, 66.30000305175781, 33.470001220703125], "4_2": [34.310001373291016, 66.12999725341797, 32.08000183105469], "4_20": [31.25, 64.66000366210938, 27.959999084472656], "4_3": [31.920000076293945, 63.93000030517578, 28.969999313354492], "4_4": [32.119998931884766, 63.47999954223633, 28.040000915527344], "4_5": [33.72999954223633, 67.06999969482422, 31.68000030517578], "4_6": [32.439998626708984, 65.7699966430664, 29.860000610351562], "4_7": [32.459999084472656, 63.040000915527344, 28.889999389648438], "4_8": [32.790000915527344, 63.5099983215332, 28.940000534057617], "4_9": [33.54999923706055, 67.12000274658203, 31.34000015258789]}