{"14_1": [36.349998474121094, 63.369998931884766, 24.709999084472656], "14_10": [38.560001373291016, 61.63999938964844, 26.389999389648438], "14_11": [38.06999969482422, 55.06999969482422, 24.239999771118164], "14_12": [36.650001525878906, 56.90999984741211, 23.959999084472656], "14_13": [36.380001068115234, 55.439998626708984, 22.8799991607666], "14_14": [36.5099983215332, 63.13999938964844, 24.260000228881836], "14_15": [38.41999816894531, 54.65999984741211, 24.0], "14_16": [34.81999969482422, 57.9900016784668, 21.610000610351562], "14_17": [41.5, 53.439998626708984, 25.780000686645508], "14_18": [35.880001068115234, 60.880001068115234, 23.239999771118164], "14_19": [35.18000030517578, 57.86000061035156, 22.059999465942383], "14_2": [37.97999954223633, 61.939998626708984, 26.1299991607666], "14_20": [34.58000183105469, 58.04999923706055, 21.190000534057617], "14_3": [35.5099983215332, 56.849998474121094, 22.809999465942383], "14_4": [35.47999954223633, 55.709999084472656, 23.059999465942383], "14_5": [35.939998626708984, 60.68000030517578, 23.360000610351562], "14_6": [36.650001525878906, 63.810001373291016, 24.639999389648438], "14_7": [36.88999938964844, 55.7599983215332, 23.690000534057617], "14_8": [35.88999938964844, 55.459999084472656, 22.75], "14_9": [35.79999923706055, 60.36000061035156, 23.530000686645508]}