{"1_1": [15.25, -16.94, 3.6799999999999997], "1_3": [14.82, -17.36, 4.515000000000001], "1_4": [15.2, -17.315, 5.405], "1_5": [14.870000000000001, -17.314999999999998, 3.325], "1_6": [15.035, -18.03, 3.2], "1_7": [15.405000000000001, -17.065, 4.645], "1_8": [15.055, -18.155, 3.69], "1_9": [14.805, -17.78, 2.995], "1_10": [14.73, -17.72, 3.035], "1_11": [15.105, -16.905, 4.18], "1_12": [15.004999999999999, -16.884999999999998, 3.0549999999999997], "1_13": [14.535, -17.075, 2.9], "1_14": [14.780000000000001, -17.28, 2.97], "1_15": [14.92, -17.905, 4.51], "1_17": [15.02, -17.095, 3.105], "1_18": [14.9, -17.685000000000002, 3.065], "1_19": [15.155000000000001, -17.15, 3.4749999999999996], "2_1": [12.745000000000001, -22.715000000000003, 2.925], "2_2": [12.905000000000001, -22.92, 3.5700000000000003], "2_3": [12.399999999999999, -22.310000000000002, 3.225], "2_5": [12.690000000000001, -22.845, 3.565], "2_6": [12.59, -22.39, 4.075], "2_7": [12.510000000000002, -22.174999999999997, 3.51], "2_8": [12.67, -22.71, 3.7649999999999997], "2_9": [12.420000000000002, -21.965, 3.36], "2_10": [12.370000000000001, -22.43, 3.575], "2_11": [12.89, -22.63, 3.2750000000000004], "2_13": [12.530000000000001, -22.075, 2.8], "2_14": [12.625, -22.595, 4.055], "2_15": [12.434999999999999, -22.784999999999997, 3.21], "2_16": [12.75, -22.765, 4.165], "2_17": [12.46, -22.54, 3.51], "2_18": [12.365, -22.055, 2.8449999999999998], "2_19": [12.435, -22.855, 2.95], "2_20": [12.675, -22.8, 3.62], "3_1": [13.66, -20.105, 7.92], "3_2": [13.64, -20.1, 8.530000000000001], "3_3": [13.53, -20.105, 7.945], "3_4": [13.575, -20.035, 8.06], "3_6": [13.524999999999999, -20.130000000000003, 7.845], "3_7": [13.315000000000001, -20.345, 6.994999999999999], "3_8": [13.545, -20.185, 8.415], "3_9": [13.54, -20.494999999999997, 7.795], "3_10": [13.524999999999999, -20.04, 7.869999999999999], "3_11": [13.735, -20.16, 9.055], "3_12": [13.515, -20.424999999999997, 8.285], "3_13": [13.690000000000001, -20.39, 7.7], "3_14": [13.39, -20.545, 6.98], "3_15": [13.58, -20.12, 8.36], "3_17": [13.43, -20.615000000000002, 7.515000000000001], "3_18": [13.620000000000001, -20.369999999999997, 8.805], "3_19": [13.18, -20.805, 6.385], "3_20": [13.415, -20.68, 7.68], "4_1": [12.9, -22.71, 5.43], "4_2": [12.77, -22.630000000000003, 3.675], "4_4": [12.455, -22.145, 4.97], "4_5": [13.010000000000002, -22.95, 4.07], "4_6": [12.795, -22.645, 4.855], "4_7": [12.530000000000001, -21.955, 4.545], "4_8": [12.545, -22.055, 4.825], "4_9": [12.969999999999999, -23.02, 3.9699999999999998], "4_10": [12.6, -22.165, 5.145], "4_11": [12.635, -21.93, 4.33], "4_13": [12.775, -22.75, 3.2249999999999996], "4_14": [12.65, -21.995, 4.965], "4_15": [12.934999999999999, -22.545, 5.15], "4_16": [12.635, -21.985, 5.005], "4_17": [12.735, -22.07, 5.109999999999999], "4_18": [13.055, -22.645, 3.7249999999999996], "4_19": [12.875, -22.66, 2.7750000000000004], "4_20": [12.33, -22.005000000000003, 6.015000000000001], "5_1": [13.335, -20.485, 5.305], "5_2": [13.594999999999999, -20.064999999999998, 6.75], "5_3": [13.83, -20.365000000000002, 7.57], "5_4": [13.065000000000001, -20.48, 4.28], "5_5": [13.215, -20.35, 4.82], "5_6": [13.434999999999999, -20.244999999999997, 5.43], "5_7": [13.510000000000002, -20.305, 6.825], "5_8": [13.315000000000001, -20.475, 4.495], "5_9": [13.48, -20.265, 5.945], "5_12": [13.77, -20.05, 8.225], "5_13": [13.34, -20.155, 6.12], "5_14": [13.29, -20.42, 5.779999999999999], "5_15": [13.57, -20.695, 6.905], "5_16": [13.405, -20.235, 6.055], "5_17": [13.575, -20.47, 7.390000000000001], "5_18": [13.57, -20.225, 6.925000000000001], "5_19": [13.415, -20.345, 6.34], "5_20": [13.495, -20.285, 6.545], "6_1": [13.285, -19.325, 5.67], "6_2": [12.725000000000001, -18.93, 3.9050000000000002], "6_3": [12.864999999999998, -19.19, 3.76], "6_4": [12.684999999999999, -19.615, 4.075], "6_5": [13.005, -19.235, 4.23], "6_7": [12.7, -19.105, 4.105], "6_8": [12.75, -19.14, 4.135], "6_9": [13.225, -19.395, 4.93], "6_10": [12.71, -19.215, 4.46], "6_11": [12.775, -19.11, 3.975], "6_12": [12.735, -18.939999999999998, 4.550000000000001], "6_13": [13.015, -19.58, 4.76], "6_14": [13.285, -19.555, 5.699999999999999], "6_15": [12.835, -19.33, 4.77], "6_16": [12.785, -19.0, 4.445], "6_17": [13.27, -19.415, 5.625], "6_19": [12.754999999999999, -18.945, 4.460000000000001], "6_20": [12.885, -19.335, 4.050000000000001], "7_1": [13.0, -22.165, 6.4], "7_2": [13.43, -22.785, 5.6850000000000005], "7_3": [13.774999999999999, -22.494999999999997, 7.24], "7_4": [13.030000000000001, -22.66, 6.425], "7_5": [12.955, -22.34, 5.945], "7_7": [13.58, -22.82, 6.09], "7_8": [13.629999999999999, -22.57, 6.87], "7_9": [12.780000000000001, -22.305, 4.359999999999999], "7_11": [13.555, -22.45, 7.4350000000000005], "7_12": [13.125, -22.18, 7.07], "7_13": [13.22, -22.130000000000003, 6.885], "7_14": [13.05, -22.155, 6.619999999999999], "7_15": [13.035, -23.064999999999998, 4.16], "7_16": [13.075, -22.3, 6.619999999999999], "7_17": [13.25, -22.775, 6.5649999999999995], "7_18": [13.04, -22.27, 6.875], "7_19": [12.655000000000001, -22.27, 5.6899999999999995], "7_20": [12.92, -22.22, 7.225], "9_1": [12.075, -22.48, 3.455], "9_2": [12.24, -22.06, 3.5149999999999997], "9_3": [11.485, -21.465, 3.705], "9_5": [12.39, -22.325000000000003, 2.685], "9_6": [12.370000000000001, -22.295, 2.6399999999999997], "9_7": [11.61, -21.23, 4.12], "9_8": [11.635, -21.345, 3.5949999999999998], "9_9": [12.055, -21.905, 3.6], "9_10": [11.98, -21.685000000000002, 3.58], "9_11": [11.555, -21.265, 3.3200000000000003], "9_12": [11.58, -21.185, 3.88], "9_13": [12.125, -22.335, 3.62], "9_14": [12.1, -21.950000000000003, 3.815], "9_15": [12.305, -22.18, 2.58], "9_16": [11.89, -21.75, 4.75], "9_17": [12.24, -21.925, 3.665], "9_18": [11.885, -21.619999999999997, 2.3600000000000003], "9_20": [12.33, -22.4, 2.865], "10_1": [13.7, -19.795, 6.595000000000001], "10_2": [13.65, -19.884999999999998, 6.81], "10_3": [13.655000000000001, -20.09, 6.779999999999999], "10_5": [13.725000000000001, -19.74, 6.71], "10_6": [14.059999999999999, -19.86, 6.795], "10_7": [14.075, -19.72, 7.755], "10_8": [13.815000000000001, -19.27, 7.43], "10_9": [14.34, -19.64, 7.615], "10_10": [13.76, -19.6, 6.6850000000000005], "10_11": [14.254999999999999, -19.58, 7.470000000000001], "10_12": [13.795, -19.735, 7.199999999999999], "10_13": [13.8, -19.229999999999997, 6.765000000000001], "10_14": [14.530000000000001, -19.605, 8.045], "10_15": [14.36, -19.36, 7.529999999999999], "10_16": [13.969999999999999, -19.425, 7.1850000000000005], "10_17": [14.04, -19.520000000000003, 6.805], "10_18": [14.420000000000002, -19.66, 7.775], "10_20": [13.535, -19.009999999999998, 6.925000000000001], "12_1": [12.055, -21.28, 4.355], "12_3": [11.95, -21.384999999999998, 3.385], "12_4": [11.935, -21.585, 3.64], "12_5": [11.805, -21.04, 4.175000000000001], "12_6": [11.870000000000001, -21.36, 4.47], "12_7": [11.844999999999999, -21.285, 4.21], "12_8": [11.905000000000001, -21.195, 4.35], "12_10": [12.175, -21.545, 2.785], "12_11": [12.325, -21.865000000000002, 3.545], "12_12": [12.205, -22.09, 3.0599999999999996], "12_13": [12.045, -21.64, 2.445], "12_14": [11.965, -21.335, 2.085], "12_15": [11.85, -21.365000000000002, 3.575], "12_16": [11.879999999999999, -21.29, 3.395], "12_17": [11.645, -20.96, 4.165], "12_19": [11.725, -21.05, 3.73], "12_20": [11.725000000000001, -20.86, 3.755], "14_1": [12.46, -20.825, 6.87], "14_2": [12.275, -20.96, 5.49], "14_3": [11.275, -21.0, 6.54], "14_4": [10.965, -20.345, 6.08], "14_5": [11.9, -20.71, 6.775], "14_6": [12.43, -21.03, 6.865], "14_7": [11.065000000000001, -20.87, 5.64], "14_8": [11.035, -20.39, 6.215], "14_9": [11.925, -20.744999999999997, 6.6899999999999995], "14_11": [10.965, -20.67, 4.885], "14_12": [11.254999999999999, -20.65, 5.7], "14_13": [11.055, -20.095, 6.38], "14_14": [12.35, -20.990000000000002, 6.785], "14_15": [10.940000000000001, -20.049999999999997, 5.095000000000001],