{"colsample_bytree": 0.9330099513310156, "gamma": 0.0, "learning_rate": 0.1707913823400145, "max_depth": 3, "n_estimators": 126, "subsample": 0.8511601557963631}