{"colsample_bytree": 0.9453288834748028, "gamma": 0.0, "learning_rate": 0.27219513466379003, "max_depth": 5, "n_estimators": 117, "subsample": 0.9061425124264962}