{"colsample_bytree": 0.9244125522247775, "gamma": 0.0, "learning_rate": 0.09414552108646528, "max_depth": 9, "n_estimators": 131, "subsample": 0.7454518409517176}