{"1_1": [62.439998626708984, 77.6500015258789, 36.290000915527344], "1_10": [58.709999084472656, 74.91000366210938, 37.33000183105469], "1_11": [60.81999969482422, 76.98999786376953, 35.66999816894531], "1_12": [61.54999923706055, 75.26000213623047, 37.279998779296875], "1_13": [59.849998474121094, 73.94999694824219, 36.75], "1_14": [59.93000030517578, 74.41999816894531, 36.529998779296875], "1_15": [56.20000076293945, 76.93000030517578, 34.36000061035156], "1_16": [57.77000045776367, 77.33999633789062, 33.95000076293945], "1_17": [60.869998931884766, 75.83999633789062, 37.2599983215332], "1_18": [58.790000915527344, 75.55000305175781, 37.310001373291016], "1_19": [61.150001525878906, 77.08999633789062, 36.939998626708984], "1_2": [59.810001373291016, 74.55999755859375, 36.59000015258789], "1_20": [58.540000915527344, 76.23999786376953, 36.93000030517578], "1_3": [59.04999923706055, 75.0999984741211, 33.68000030517578], "1_4": [59.22999954223633, 76.69999694824219, 33.36000061035156], "1_5": [60.209999084472656, 75.5, 36.9900016784668], "1_6": [58.4900016784668, 76.0, 37.540000915527344], "1_7": [59.369998931884766, 77.62999725341797, 34.7599983215332], "1_8": [57.209999084472656, 76.12999725341797, 36.400001525878906], "1_9": [59.41999816894531, 75.9000015258789, 37.77000045776367], "2_1": [34.279998779296875, 64.19000244140625, 32.95000076293945], "2_10": [32.20000076293945, 64.20999908447266, 31.290000915527344], "2_11": [33.040000915527344, 66.0, 33.13999938964844], "2_12": [33.06999969482422, 64.47000122070312, 32.56999969482422], "2_13": [32.36000061035156, 63.7599983215332, 31.639999389648438], "2_14": [31.399999618530273, 65.80000305175781, 31.040000915527344], "2_15": [32.90999984741211, 64.7300033569336, 31.6299991607666], "2_16": [31.940000534057617, 65.6500015258789, 31.149999618530273], "2_17": [32.650001525878906, 63.970001220703125, 31.209999084472656], "2_18": [31.84000015258789, 64.06999969482422, 31.899999618530273], "2_19": [33.40999984741211, 65.36000061035156, 33.029998779296875], "2_2": [32.7599983215332, 65.94000244140625, 32.2599983215332], "2_20": [33.13999938964844, 66.12999725341797, 31.969999313354492], "2_3": [31.75, 63.81999969482422, 31.299999237060547], "2_4": [33.459999084472656, 65.68000030517578, 32.91999816894531], "2_5": [32.130001068115234, 64.48999786376953, 31.829999923706055], "2_6": [31.34000015258789, 64.7699966430664, 30.799999237060547], "2_7": [32.27000045776367, 64.18000030517578, 30.56999969482422], "2_8": [31.93000030517578, 65.2300033569336, 31.450000762939453], "2_9": [32.0, 64.0, 30.850000381469727], "3_1": [41.86000061035156, 69.7300033569336, 26.34000015258789], "3_10": [42.29999923706055, 69.91999816894531, 26.530000686645508], "3_11": [41.060001373291016, 71.02999877929688, 25.18000030517578], "3_12": [40.65999984741211, 69.83999633789062, 25.5], "3_13": [41.36000061035156, 70.18000030517578, 26.479999542236328], "3_14": [42.279998779296875, 69.2300033569336, 27.219999313354492], "3_15": [40.79999923706055, 69.29000091552734, 25.270000457763672], "3_16": [41.0099983215332, 69.12000274658203, 26.989999771118164], "3_17": [41.56999969482422, 69.98999786376953, 26.889999389648438], "3_18": [41.119998931884766, 71.16000366210938, 25.229999542236328], "3_19": [41.619998931884766, 67.4800033569336, 27.799999237060547], "3_2": [40.70000076293945, 70.30999755859375, 25.290000915527344], "3_20": [40.619998931884766, 69.19999694824219, 26.260000228881836], "3_3": [41.11000061035156, 70.06999969482422, 25.850000381469727], "3_4": [42.27000045776367, 70.5999984741211, 26.579999923706055], "3_5": [41.43000030517578, 69.62000274658203, 26.280000686645508], "3_6": [41.93000030517578, 69.44000244140625, 26.559999465942383], "3_7": [42.13999938964844, 69.4000015258789, 27.6200008392334], "3_8": [40.45000076293945, 70.30999755859375, 25.719999313354492], "3_9": [42.2400016784668, 70.43000030517578, 26.649999618530273], "4_1": [32.529998779296875, 65.69000244140625, 28.790000915527344], "4_10": [31.670000076293945, 64.72000122070312, 28.559999465942383], "4_11": [32.7599983215332, 64.30999755859375, 29.260000228881836], "4_12": [31.649999618530273, 66.25, 28.3700008392334], "4_13": [34.70000076293945, 66.37000274658203, 32.81999969482422], "4_14": [32.18000030517578, 64.13999938964844, 28.149999618530273], "4_15": [32.790000915527344, 65.44999694824219, 29.010000228881836], "4_16": [32.0, 64.08000183105469, 28.25], "4_17": [31.75, 64.01000213623047, 28.3799991607666], "4_18": [34.029998779296875, 66.83000183105469, 32.11000061035156], "4_19": [34.79999923706055, 66.41999816894531, 33.310001373291016], "4_2": [34.27000045776367, 66.05000305175781, 31.950000762939453], "4_20": [31.170000076293945, 64.86000061035156, 27.739999771118164], "4_3": [31.979999542236328, 63.810001373291016, 28.959999084472656], "4_4": [32.220001220703125, 63.41999816894531, 28.469999313354492], "4_5": [33.75, 66.80000305175781, 31.65999984741211], "4_6": [32.41999816894531, 65.79000091552734, 29.739999771118164], "4_7": [32.400001525878906, 63.040000915527344, 28.850000381469727], "4_8": [32.77000045776367, 63.45000076293945, 29.0], "4_9": [33.58000183105469, 66.94000244140625, 31.510000228881836], "5_1": [42.83000183105469, 67.70999908447266, 29.780000686645508], "5_10": [42.11000061035156, 69.31999969482422, 29.739999771118164], "5_11": [41.689998626708984, 71.44000244140625, 26.889999389648438], "5_12": [41.880001068115234, 70.63999938964844, 26.8799991607666], "5_13": [42.13999938964844, 68.66999816894531, 29.239999771118164], "5_14": [42.4900016784668, 68.7699966430664, 29.40999984741211], "5_15": [41.939998626708984, 70.5999984741211, 28.06999969482422], "5_16": [42.88999938964844, 69.08000183105469, 29.450000762939453], "5_17": [41.630001068115234, 71.69000244140625, 27.579999923706055], "5_18": [42.150001525878906, 69.5999984741211, 28.219999313354492], "5_19": [42.7599983215332, 69.8499984741211, 28.43000030517578], "5_2": [42.5, 69.52999877929688, 28.510000228881836], "5_20": [42.75, 68.86000061035156, 28.540000915527344], "5_3": [41.689998626708984, 71.01000213623047, 27.100000381469727], "5_4": [43.84000015258789, 66.2300033569336, 31.190000534057617], "5_5": [43.29999923706055, 66.94999694824219, 30.700000762939453], "5_6": [42.77000045776367, 68.2300033569336, 30.09000015258789], "5_7": [41.9900016784668, 69.54000091552734, 28.469999313354492], "5_8": [43.66999816894531, 67.1500015258789, 31.110000610351562], "5_9": [42.47999954223633, 69.45999908447266, 29.010000228881836], "6_1": [45.43000030517578, 66.7300033569336, 28.469999313354492], "6_10": [43.880001068115234, 63.02000045776367, 29.329999923706055], "6_11": [44.09000015258789, 62.40999984741211, 29.719999313354492], "6_12": [43.20000076293945, 62.52000045776367, 29.010000228881836], "6_13": [45.709999084472656, 65.5199966430664, 29.290000915527344], "6_14": [44.220001220703125, 65.68000030517578, 28.489999771118164], "6_15": [44.349998474121094, 63.77000045776367, 29.0], "6_16": [44.15999984741211, 63.63999938964844, 29.420000076293945], "6_17": [45.189998626708984, 65.54000091552734, 28.59000015258789], "6_18": [43.7599983215332, 62.61000061035156, 29.3700008392334], "6_19": [44.58000183105469, 63.709999084472656, 29.209999084472656], "6_2": [43.79999923706055, 62.83000183105469, 29.059999465942383], "6_20": [45.06999969482422, 63.75, 30.06999969482422], "6_3": [45.7400016784668, 64.23999786376953, 30.790000915527344], "6_4": [42.939998626708984, 62.33000183105469, 29.40999984741211], "6_5": [46.189998626708984, 64.70999908447266, 30.139999389648438], "6_6": [46.52000045776367, 64.83000183105469, 29.209999084472656], "6_7": [43.439998626708984, 62.90999984741211, 29.399999618530273], "6_8": [43.52000045776367, 62.880001068115234, 29.25], "6_9": [44.439998626708984, 66.06999969482422, 29.399999618530273], "7_1": [30.639999389648438, 65.33000183105469, 26.290000915527344], "7_10": [32.939998626708984, 67.55999755859375, 29.829999923706055],