{"14_1": [36.29999923706055, 63.15999984741211, 24.700000762939453], "14_10": [38.7400016784668, 61.59000015258789, 26.559999465942383], "14_11": [38.150001525878906, 55.0, 24.329999923706055], "14_12": [36.81999969482422, 56.900001525878906, 24.190000534057617], "14_13": [36.38999938964844, 55.369998931884766, 22.81999969482422], "14_14": [36.540000915527344, 63.060001373291016, 24.3799991607666], "14_15": [38.38999938964844, 54.529998779296875, 24.100000381469727], "14_16": [34.90999984741211, 57.88999938964844, 21.600000381469727], "14_17": [41.36000061035156, 53.33000183105469, 25.75], "14_18": [35.72999954223633, 60.68000030517578, 23.200000762939453], "14_19": [35.33000183105469, 57.7400016784668, 22.280000686645508], "14_2": [38.16999816894531, 61.84000015258789, 26.290000915527344], "14_20": [34.470001220703125, 58.029998779296875, 21.239999771118164], "14_3": [35.4900016784668, 56.810001373291016, 22.829999923706055], "14_4": [35.5099983215332, 55.849998474121094, 23.0], "14_5": [35.90999984741211, 60.540000915527344, 23.440000534057617], "14_6": [36.619998931884766, 63.79999923706055, 24.549999237060547], "14_7": [37.029998779296875, 55.709999084472656, 23.889999389648438], "14_8": [35.90999984741211, 55.380001068115234, 22.809999465942383], "14_9": [35.959999084472656, 60.290000915527344, 23.68000030517578]}