{"2_1": [34.279998779296875, 64.19000244140625, 32.95000076293945], "2_10": [32.20000076293945, 64.20999908447266, 31.290000915527344], "2_11": [33.040000915527344, 66.0, 33.13999938964844], "2_12": [33.06999969482422, 64.47000122070312, 32.56999969482422], "2_13": [32.36000061035156, 63.7599983215332, 31.639999389648438], "2_14": [31.399999618530273, 65.80000305175781, 31.040000915527344], "2_15": [32.90999984741211, 64.7300033569336, 31.6299991607666], "2_16": [31.940000534057617, 65.6500015258789, 31.149999618530273], "2_17": [32.650001525878906, 63.970001220703125, 31.209999084472656], "2_18": [31.84000015258789, 64.06999969482422, 31.899999618530273], "2_19": [33.40999984741211, 65.36000061035156, 33.029998779296875], "2_2": [32.7599983215332, 65.94000244140625, 32.2599983215332], "2_20": [33.13999938964844, 66.12999725341797, 31.969999313354492], "2_3": [31.75, 63.81999969482422, 31.299999237060547], "2_4": [33.459999084472656, 65.68000030517578, 32.91999816894531], "2_5": [32.130001068115234, 64.48999786376953, 31.829999923706055], "2_6": [31.34000015258789, 64.7699966430664, 30.799999237060547], "2_7": [32.27000045776367, 64.18000030517578, 30.56999969482422], "2_8": [31.93000030517578, 65.2300033569336, 31.450000762939453], "2_9": [32.0, 64.0, 30.850000381469727]}