{"10_1": [40.68000030517578, 67.94000244140625, 28.100000381469727], "10_10": [42.31999969482422, 68.55000305175781, 28.040000915527344], "10_11": [44.529998779296875, 71.61000061035156, 28.079999923706055], "10_12": [41.400001525878906, 69.08999633789062, 27.079999923706055], "10_13": [43.5, 69.80999755859375, 28.979999542236328], "10_14": [44.439998626708984, 73.75, 27.889999389648438], "10_15": [44.689998626708984, 71.97000122070312, 28.040000915527344], "10_16": [43.16999816894531, 69.38999938964844, 28.049999237060547], "10_17": [44.02000045776367, 70.51000213623047, 28.93000030517578], "10_18": [44.5, 72.83999633789062, 28.399999618530273], "10_19": [43.959999084472656, 71.62000274658203, 27.6200008392334], "10_2": [40.9900016784668, 68.44999694824219, 28.260000228881836], "10_20": [42.61000061035156, 69.0199966430664, 28.1299991607666], "10_3": [40.52000045776367, 68.30999755859375, 27.549999237060547], "10_4": [40.63999938964844, 68.86000061035156, 27.3799991607666], "10_5": [41.849998474121094, 68.37000274658203, 28.1299991607666], "10_6": [43.119998931884766, 69.30000305175781, 28.15999984741211], "10_7": [43.45000076293945, 70.87999725341797, 27.790000915527344], "10_8": [42.5099983215332, 69.08999633789062, 27.3799991607666], "10_9": [44.43000030517578, 73.26000213623047, 28.579999923706055]}