{"12_1": [31.450000762939453, 59.869998931884766, 27.899999618530273], "12_10": [34.439998626708984, 60.59000015258789, 31.209999084472656], "12_11": [33.52000045776367, 61.13999938964844, 30.170000076293945], "12_12": [34.41999816894531, 61.15999984741211, 30.559999465942383], "12_13": [35.130001068115234, 59.68000030517578, 31.639999389648438], "12_14": [36.34000015258789, 58.95000076293945, 32.380001068115234], "12_15": [32.40999984741211, 58.810001373291016, 29.040000915527344], "12_16": [33.439998626708984, 58.599998474121094, 29.489999771118164], "12_17": [31.1299991607666, 58.06999969482422, 27.940000534057617], "12_18": [31.559999465942383, 57.77000045776367, 28.739999771118164], "12_19": [31.469999313354492, 58.630001068115234, 28.350000381469727], "12_2": [32.150001525878906, 60.08000183105469, 28.8799991607666], "12_20": [31.1299991607666, 57.9900016784668, 27.899999618530273], "12_3": [32.54999923706055, 59.47999954223633, 29.75], "12_4": [32.63999938964844, 60.130001068115234, 29.149999618530273], "12_5": [31.139999389648438, 58.790000915527344, 27.68000030517578], "12_6": [30.780000686645508, 58.959999084472656, 27.59000015258789], "12_7": [31.450000762939453, 58.86000061035156, 28.540000915527344], "12_8": [30.799999237060547, 58.79999923706055, 27.709999084472656], "12_9": [35.540000915527344, 59.779998779296875, 31.739999771118164]}