{"1_1": [62.439998626708984, 77.6500015258789, 36.290000915527344], "1_10": [58.709999084472656, 74.91000366210938, 37.33000183105469], "1_11": [60.81999969482422, 76.98999786376953, 35.66999816894531], "1_12": [61.54999923706055, 75.26000213623047, 37.279998779296875], "1_13": [59.849998474121094, 73.94999694824219, 36.75], "1_14": [59.93000030517578, 74.41999816894531, 36.529998779296875], "1_15": [56.20000076293945, 76.93000030517578, 34.36000061035156], "1_16": [57.77000045776367, 77.33999633789062, 33.95000076293945], "1_17": [60.869998931884766, 75.83999633789062, 37.2599983215332], "1_18": [58.790000915527344, 75.55000305175781, 37.310001373291016], "1_19": [61.150001525878906, 77.08999633789062, 36.939998626708984], "1_2": [59.810001373291016, 74.55999755859375, 36.59000015258789], "1_20": [58.540000915527344, 76.23999786376953, 36.93000030517578], "1_3": [59.04999923706055, 75.0999984741211, 33.68000030517578], "1_4": [59.22999954223633, 76.69999694824219, 33.36000061035156], "1_5": [60.209999084472656, 75.5, 36.9900016784668], "1_6": [58.4900016784668, 76.0, 37.540000915527344], "1_7": [59.369998931884766, 77.62999725341797, 34.7599983215332], "1_8": [57.209999084472656, 76.12999725341797, 36.400001525878906], "1_9": [59.41999816894531, 75.9000015258789, 37.77000045776367]}