{"9_1": [32.06999969482422, 61.540000915527344, 29.399999618530273], "9_10": [32.0099983215332, 60.08000183105469, 29.15999984741211], "9_11": [33.060001373291016, 57.5, 28.079999923706055], "9_12": [31.84000015258789, 57.560001373291016, 27.190000534057617], "9_13": [32.529998779296875, 61.61000061035156, 29.809999465942383], "9_14": [31.950000762939453, 60.810001373291016, 28.940000534057617], "9_15": [35.439998626708984, 61.900001525878906, 32.060001373291016], "9_16": [31.170000076293945, 59.33000183105469, 26.989999771118164], "9_17": [32.52000045776367, 61.29999923706055, 29.229999542236328], "9_18": [33.36000061035156, 60.29999923706055, 30.65999984741211], "9_19": [35.119998931884766, 61.7599983215332, 31.540000915527344], "9_2": [32.52000045776367, 61.540000915527344, 29.600000381469727], "9_20": [34.18000030517578, 62.150001525878906, 31.56999969482422], "9_3": [32.90999984741211, 57.880001068115234, 27.700000762939453], "9_4": [31.540000915527344, 58.790000915527344, 27.020000457763672], "9_5": [35.0099983215332, 62.209999084472656, 31.200000762939453], "9_6": [34.09000015258789, 62.25, 31.329999923706055], "9_7": [31.520000457763672, 57.869998931884766, 26.93000030517578], "9_8": [32.470001220703125, 57.939998626708984, 27.34000015258789], "9_9": [32.34000015258789, 60.38999938964844, 29.290000915527344]}