{"7_1": [30.639999389648438, 65.33000183105469, 26.290000915527344], "7_10": [32.939998626708984, 67.55999755859375, 29.829999923706055], "7_11": [31.389999389648438, 68.26000213623047, 25.989999771118164], "7_12": [31.020000457763672, 66.5199966430664, 25.850000381469727], "7_13": [31.149999618530273, 66.36000061035156, 25.809999465942383], "7_14": [30.709999084472656, 66.58000183105469, 26.290000915527344], "7_15": [33.04999923706055, 66.11000061035156, 30.729999542236328], "7_16": [30.889999389648438, 65.52999877929688, 26.020000457763672], "7_17": [31.610000610351562, 66.7300033569336, 27.010000228881836], "7_18": [30.489999771118164, 65.77999877929688, 25.700000762939453], "7_19": [30.989999771118164, 64.91000366210938, 26.790000915527344], "7_2": [32.27000045776367, 68.22000122070312, 28.950000762939453], "7_20": [30.809999465942383, 65.8499984741211, 25.450000762939453], "7_3": [32.22999954223633, 68.91999816894531, 27.34000015258789], "7_4": [30.940000534057617, 66.18000030517578, 26.739999771118164], "7_5": [31.010000228881836, 66.94000244140625, 27.190000534057617], "7_6": [31.510000228881836, 67.88999938964844, 26.709999084472656], "7_7": [32.16999816894531, 68.88999938964844, 28.549999237060547], "7_8": [32.119998931884766, 68.87999725341797, 27.270000457763672], "7_9": [31.719999313354492, 64.75, 28.860000610351562]}