{"3_1": [41.86000061035156, 69.7300033569336, 26.34000015258789], "3_10": [42.29999923706055, 69.91999816894531, 26.530000686645508], "3_11": [41.060001373291016, 71.02999877929688, 25.18000030517578], "3_12": [40.65999984741211, 69.83999633789062, 25.5], "3_13": [41.36000061035156, 70.18000030517578, 26.479999542236328], "3_14": [42.279998779296875, 69.2300033569336, 27.219999313354492], "3_15": [40.79999923706055, 69.29000091552734, 25.270000457763672], "3_16": [41.0099983215332, 69.12000274658203, 26.989999771118164], "3_17": [41.56999969482422, 69.98999786376953, 26.889999389648438], "3_18": [41.119998931884766, 71.16000366210938, 25.229999542236328], "3_19": [41.619998931884766, 67.4800033569336, 27.799999237060547], "3_2": [40.70000076293945, 70.30999755859375, 25.290000915527344], "3_20": [40.619998931884766, 69.19999694824219, 26.260000228881836], "3_3": [41.11000061035156, 70.06999969482422, 25.850000381469727], "3_4": [42.27000045776367, 70.5999984741211, 26.579999923706055], "3_5": [41.43000030517578, 69.62000274658203, 26.280000686645508], "3_6": [41.93000030517578, 69.44000244140625, 26.559999465942383], "3_7": [42.13999938964844, 69.4000015258789, 27.6200008392334], "3_8": [40.45000076293945, 70.30999755859375, 25.719999313354492], "3_9": [42.2400016784668, 70.43000030517578, 26.649999618530273]}