{"13_1": [36.689998626708984, 60.66999816894531, 26.209999084472656], "13_10": [42.75, 55.56999969482422, 28.739999771118164], "13_11": [35.790000915527344, 59.560001373291016, 24.649999618530273], "13_12": [39.54999923706055, 54.58000183105469, 26.649999618530273], "13_13": [38.459999084472656, 54.52000045776367, 26.100000381469727], "13_14": [42.290000915527344, 52.5099983215332, 27.899999618530273], "13_15": [36.91999816894531, 56.2599983215332, 25.100000381469727], "13_16": [37.2599983215332, 55.93000030517578, 25.520000457763672], "13_17": [37.880001068115234, 55.349998474121094, 26.010000228881836], "13_18": [37.279998779296875, 55.61000061035156, 25.329999923706055], "13_19": [37.47999954223633, 58.779998779296875, 26.469999313354492], "13_2": [36.540000915527344, 57.56999969482422, 25.420000076293945], "13_20": [37.720001220703125, 58.22999954223633, 26.139999389648438], "13_3": [40.650001525878906, 60.470001220703125, 29.81999969482422], "13_4": [39.529998779296875, 58.560001373291016, 28.34000015258789], "13_5": [38.79999923706055, 57.93000030517578, 27.149999618530273], "13_6": [40.0, 57.09000015258789, 27.56999969482422], "13_7": [37.34000015258789, 58.119998931884766, 26.420000076293945], "13_8": [38.75, 55.34000015258789, 26.600000381469727], "13_9": [41.61000061035156, 52.810001373291016, 27.920000076293945]}