{"6_1": [45.43000030517578, 66.7300033569336, 28.469999313354492], "6_10": [43.880001068115234, 63.02000045776367, 29.329999923706055], "6_11": [44.09000015258789, 62.40999984741211, 29.719999313354492], "6_12": [43.20000076293945, 62.52000045776367, 29.010000228881836], "6_13": [45.709999084472656, 65.5199966430664, 29.290000915527344], "6_14": [44.220001220703125, 65.68000030517578, 28.489999771118164], "6_15": [44.349998474121094, 63.77000045776367, 29.0], "6_16": [44.15999984741211, 63.63999938964844, 29.420000076293945], "6_17": [45.189998626708984, 65.54000091552734, 28.59000015258789], "6_18": [43.7599983215332, 62.61000061035156, 29.3700008392334], "6_19": [44.58000183105469, 63.709999084472656, 29.209999084472656], "6_2": [43.79999923706055, 62.83000183105469, 29.059999465942383], "6_20": [45.06999969482422, 63.75, 30.06999969482422], "6_3": [45.7400016784668, 64.23999786376953, 30.790000915527344], "6_4": [42.939998626708984, 62.33000183105469, 29.40999984741211], "6_5": [46.189998626708984, 64.70999908447266, 30.139999389648438], "6_6": [46.52000045776367, 64.83000183105469, 29.209999084472656], "6_7": [43.439998626708984, 62.90999984741211, 29.399999618530273], "6_8": [43.52000045776367, 62.880001068115234, 29.25], "6_9": [44.439998626708984, 66.06999969482422, 29.399999618530273]}