{"4_1": [32.529998779296875, 65.69000244140625, 28.790000915527344], "4_10": [31.670000076293945, 64.72000122070312, 28.559999465942383], "4_11": [32.7599983215332, 64.30999755859375, 29.260000228881836], "4_12": [31.649999618530273, 66.25, 28.3700008392334], "4_13": [34.70000076293945, 66.37000274658203, 32.81999969482422], "4_14": [32.18000030517578, 64.13999938964844, 28.149999618530273], "4_15": [32.790000915527344, 65.44999694824219, 29.010000228881836], "4_16": [32.0, 64.08000183105469, 28.25], "4_17": [31.75, 64.01000213623047, 28.3799991607666], "4_18": [34.029998779296875, 66.83000183105469, 32.11000061035156], "4_19": [34.79999923706055, 66.41999816894531, 33.310001373291016], "4_2": [34.27000045776367, 66.05000305175781, 31.950000762939453], "4_20": [31.170000076293945, 64.86000061035156, 27.739999771118164], "4_3": [31.979999542236328, 63.810001373291016, 28.959999084472656], "4_4": [32.220001220703125, 63.41999816894531, 28.469999313354492], "4_5": [33.75, 66.80000305175781, 31.65999984741211], "4_6": [32.41999816894531, 65.79000091552734, 29.739999771118164], "4_7": [32.400001525878906, 63.040000915527344, 28.850000381469727], "4_8": [32.77000045776367, 63.45000076293945, 29.0], "4_9": [33.58000183105469, 66.94000244140625, 31.510000228881836]}