{"11_1": [30.299999237060547, 62.5, 25.489999771118164], "11_10": [30.469999313354492, 64.19000244140625, 26.799999237060547], "11_11": [30.059999465942383, 63.790000915527344, 26.489999771118164], "11_12": [31.610000610351562, 63.95000076293945, 28.059999465942383], "11_13": [29.700000762939453, 61.619998931884766, 25.459999084472656], "11_14": [29.34000015258789, 62.79999923706055, 25.90999984741211], "11_15": [30.18000030517578, 64.05999755859375, 27.1200008392334], "11_16": [30.299999237060547, 63.650001525878906, 26.969999313354492], "11_17": [29.739999771118164, 63.9900016784668, 26.030000686645508], "11_18": [29.81999969482422, 65.20999908447266, 26.850000381469727], "11_19": [30.170000076293945, 63.029998779296875, 27.139999389648438], "11_2": [29.790000915527344, 63.279998779296875, 25.18000030517578], "11_20": [30.100000381469727, 63.36000061035156, 27.68000030517578], "11_3": [32.40999984741211, 63.18000030517578, 29.989999771118164], "11_4": [33.47999954223633, 62.029998779296875, 30.110000610351562], "11_5": [29.56999969482422, 61.290000915527344, 25.469999313354492], "11_6": [29.6299991607666, 62.65999984741211, 25.889999389648438], "11_7": [30.959999084472656, 64.08999633789062, 28.170000076293945], "11_8": [32.400001525878906, 62.209999084472656, 29.309999465942383], "11_9": [29.90999984741211, 63.5099983215332, 25.81999969482422]}