{"5_1": [42.83000183105469, 67.70999908447266, 29.780000686645508], "5_10": [42.11000061035156, 69.31999969482422, 29.739999771118164], "5_11": [41.689998626708984, 71.44000244140625, 26.889999389648438], "5_12": [41.880001068115234, 70.63999938964844, 26.8799991607666], "5_13": [42.13999938964844, 68.66999816894531, 29.239999771118164], "5_14": [42.4900016784668, 68.7699966430664, 29.40999984741211], "5_15": [41.939998626708984, 70.5999984741211, 28.06999969482422], "5_16": [42.88999938964844, 69.08000183105469, 29.450000762939453], "5_17": [41.630001068115234, 71.69000244140625, 27.579999923706055], "5_18": [42.150001525878906, 69.5999984741211, 28.219999313354492], "5_19": [42.7599983215332, 69.8499984741211, 28.43000030517578], "5_2": [42.5, 69.52999877929688, 28.510000228881836], "5_20": [42.75, 68.86000061035156, 28.540000915527344], "5_3": [41.689998626708984, 71.01000213623047, 27.100000381469727], "5_4": [43.84000015258789, 66.2300033569336, 31.190000534057617], "5_5": [43.29999923706055, 66.94999694824219, 30.700000762939453], "5_6": [42.77000045776367, 68.2300033569336, 30.09000015258789], "5_7": [41.9900016784668, 69.54000091552734, 28.469999313354492], "5_8": [43.66999816894531, 67.1500015258789, 31.110000610351562], "5_9": [42.47999954223633, 69.45999908447266, 29.010000228881836]}