{"8_1": [44.2400016784668, 63.0099983215332, 29.049999237060547], "8_10": [44.54999923706055, 62.33000183105469, 28.459999084472656], "8_11": [39.88999938964844, 64.22000122070312, 26.15999984741211], "8_12": [40.11000061035156, 63.72999954223633, 26.850000381469727], "8_13": [42.61000061035156, 65.06999969482422, 27.989999771118164], "8_14": [44.7400016784668, 61.70000076293945, 28.25], "8_15": [42.34000015258789, 62.36000061035156, 27.90999984741211], "8_16": [42.63999938964844, 61.70000076293945, 28.040000915527344], "8_17": [42.15999984741211, 66.62000274658203, 26.239999771118164], "8_18": [42.40999984741211, 65.44000244140625, 27.299999237060547], "8_19": [40.84000015258789, 64.79000091552734, 27.68000030517578], "8_2": [42.7400016784668, 62.72999954223633, 27.989999771118164], "8_20": [40.400001525878906, 62.36000061035156, 26.639999389648438], "8_3": [44.619998931884766, 62.08000183105469, 28.3799991607666], "8_4": [42.2599983215332, 61.97999954223633, 27.719999313354492], "8_5": [41.959999084472656, 66.22000122070312, 26.469999313354492], "8_6": [42.93000030517578, 65.98999786376953, 26.559999465942383], "8_7": [40.709999084472656, 66.2699966430664, 27.579999923706055], "8_8": [42.04999923706055, 61.810001373291016, 28.3700008392334], "8_9": [41.810001373291016, 65.94999694824219, 27.200000762939453]}