{"15_1": [34.599998474121094, 63.720001220703125, 25.0], "15_10": [35.790000915527344, 60.54999923706055, 25.290000915527344], "15_11": [35.529998779296875, 60.33000183105469, 25.280000686645508], "15_12": [35.75, 62.04999923706055, 25.56999969482422], "15_13": [36.189998626708984, 62.63999938964844, 25.520000457763672], "15_14": [36.97999954223633, 63.529998779296875, 27.760000228881836], "15_15": [33.970001220703125, 64.48999786376953, 23.799999237060547], "15_16": [35.65999984741211, 63.310001373291016, 25.860000610351562], "15_17": [36.779998779296875, 65.5199966430664, 28.079999923706055], "15_18": [37.189998626708984, 62.95000076293945, 27.440000534057617], "15_19": [36.68000030517578, 64.86000061035156, 27.260000228881836], "15_2": [33.959999084472656, 64.43000030517578, 24.31999969482422], "15_20": [39.5, 61.16999816894531, 28.6299991607666], "15_3": [35.84000015258789, 60.7400016784668, 25.59000015258789], "15_4": [37.06999969482422, 60.72999954223633, 26.18000030517578], "15_5": [35.79999923706055, 60.7599983215332, 25.5], "15_6": [35.630001068115234, 60.58000183105469, 25.270000457763672], "15_7": [36.16999816894531, 60.33000183105469, 26.049999237060547], "15_8": [37.689998626708984, 59.90999984741211, 27.329999923706055], "15_9": [36.40999984741211, 61.650001525878906, 25.770000457763672]}